{"p": [["\u8d85\u7ea7\u789750\u662f\u4e00\u4e2a\u7f8e\u5f0f\u8db3\u7403\u6bd4\u8d5b\uff0c\u4ee5\u786e\u5b9a2015\u5e74\u56fd\u5bb6\u6a44\u6984\u7403\u8054\u76df\uff08NFL\uff09\u7684\u51a0\u519b\u3002 \u7f8e\u56fd\u6a44\u6984\u7403\u8054\u76df\uff08AFC\uff09\u51a0\u519b\u4e39\u4f5b\u91ce\u9a6c\u961f\u51fb\u8d25\u4e86\u5168\u56fd\u8db3\u7403\u8d5b\uff08NFC\uff09\u51a0\u519b\u5361\u7f57\u83b1\u7eb3\u9ed1\u8c7924-10\uff0c\u4ee5\u83b7\u5f97\u7b2c\u4e09\u540d\u8d85\u7ea7\u7897\u51a0\u519b\u3002"]], "cx": [[[[["\u8d85", "\u7ea7", "\u7897", "5", "0", "\u662f", "\u4e00", "\u4e2a", "\u7f8e", "\u5f0f", "\u8db3", "\u7403", "\u6bd4", "\u8d5b", "\uff0c", "\u4ee5", "\u786e", "\u5b9a", "2", "0", "1", "5", "\u5e74", "\u56fd", "\u5bb6", "\u6a44", "\u6984", "\u7403", "\u8054", "\u76df", "\uff08", "N", "F", "L", "\uff09", "\u7684", "\u51a0", "\u519b", "\u3002"], ["\u7f8e", "\u56fd", "\u6a44", "\u6984", "\u7403", "\u8054", "\u76df", "\uff08", "A", "F", "C", "\uff09", "\u51a0", "\u519b", "\u4e39", "\u4f5b", "\u91ce", "\u9a6c", "\u961f", "\u51fb", "\u8d25", "\u4e86", "\u5168", "\u56fd", "\u8db3", "\u7403", "\u8d5b", "\uff08", "N", "F", "C", "\uff09", "\u51a0", "\u519b", "\u5361", "\u7f57", "\u83b1", "\u7eb3", "\u9ed1", "\u8c79", "2", "4"], ["-"], ["1", "0", "\uff0c", "\u4ee5", "\u83b7", "\u5f97", "\u7b2c", "\u4e09", "\u540d", "\u8d85", "\u7ea7", "\u7897", "\u51a0", "\u519b", "\u3002"]]]]], "lower_word2vec": {"-": [-1.2557, 0.61036, 0.56793, -0.96596, -0.45249, -0.071696, 0.57122, -0.31292, -0.43814, 0.90622, 0.06961, -0.053104, 0.25029, 0.27841, 0.77724, 0.26329, 0.56874, -1.1171, -0.078268, -0.51317, 0.8071, 0.99214, 0.22753, 1.0847, 0.88292, 0.17221, -0.68686, -0.86467, -0.80003, -0.34738, -0.044074, -0.30444, 0.23406, 0.28592, 0.060548, -0.65477, -0.039738, 0.74878, -0.46471, 0.063023, -0.16519, -1.2217, -0.089479, -0.8125, 0.27615, -0.13841, -0.76667, -0.96974, 0.83123, -0.77639, -1.3327, -0.28732, -0.053684, 1.1735, -1.1795, -2.7519, 0.45359, 1.1984, 2.8203, 0.060114, 0.32296, 0.19097, 0.3459, -0.41503, 0.1515, 0.38148, 1.619, 0.9929, -0.82549, -0.098692, 0.74449, -0.38602, -1.0004, -1.305, -0.31269, -0.57625, 0.14095, -0.80269, -1.4714, -0.48014, 1.1993, -0.48561, 0.40496, -0.032867, -2.051, 0.18284, -0.2723, 0.043287, 0.066801, -0.62832, -0.05854, 0.28253, -0.083276, -0.022234, -0.55914, 0.24586, 0.36052, -1.5877, 0.76984, -0.64998]}, "char_counter": {"\u7897": 3, "\uff1f": 1, "\u6a44": 2, "\u8054": 2, "\u56fd": 3, "\u786e": 1, "\u7f8e": 2, "\u8c79": 1, "F": 5, "1": 2, "\u5728": 1, "\u7b2c": 1, "\u7684": 1, "\u4ee3": 1, "\u5f97": 1, "2": 2, "0": 4, "\u83b7": 1, "\u5f0f": 1, "\u83b1": 1, "5": 3, "A": 2, "\u76df": 2, "\u51fb": 1, "\u6984": 2, "\u8d85": 3, "\u7eb3": 1, "4": 1, "\uff0c": 2, "\u56e2": 1, "L": 2, "\u4e39": 1, "\u961f": 2, "\u91ce": 1, "\u6bd4": 1, "\u4ee5": 2, "\u7f57": 1, "\u51a0": 4, "C": 3, "\u8d25": 1, "\u5b9a": 1, "\u5168": 1, "\uff09": 3, "\u9ed1": 1, "\u4f5b": 1, "\u9a6c": 1, "\u4e09": 1, "\u662f": 1, "\u5bb6": 1, "\u4e2a": 2, "\u8868": 1, "\u4e00": 1, "\u540d": 1, "-": 1, "\u54ea": 1, "\u8db3": 2, "N": 3, "\u7403": 4, "\u5361": 1, "\u7ea7": 3, "\u8d5b": 2, "\u5e74": 1, "\u519b": 4, "\uff08": 3, "\u3002": 2, "\u4e86": 1}, "word_counter": {"\u54ea\u4e2aNFL\u56e2\u961f\u4ee3\u8868AFC\u5728\u8d85\u7ea7\u789750\uff1f": 1, "10\uff0c\u4ee5\u83b7\u5f97\u7b2c\u4e09\u540d\u8d85\u7ea7\u7897\u51a0\u519b\u3002": 1, "-": 1, "\u8d85\u7ea7\u789750\u662f\u4e00\u4e2a\u7f8e\u5f0f\u8db3\u7403\u6bd4\u8d5b\uff0c\u4ee5\u786e\u5b9a2015\u5e74\u56fd\u5bb6\u6a44\u6984\u7403\u8054\u76df\uff08NFL\uff09\u7684\u51a0\u519b\u3002": 1, "\u7f8e\u56fd\u6a44\u6984\u7403\u8054\u76df\uff08AFC\uff09\u51a0\u519b\u4e39\u4f5b\u91ce\u9a6c\u961f\u51fb\u8d25\u4e86\u5168\u56fd\u8db3\u7403\u8d5b\uff08NFC\uff09\u51a0\u519b\u5361\u7f57\u83b1\u7eb3\u9ed1\u8c7924": 1}, "x": [[[["\u8d85\u7ea7\u789750\u662f\u4e00\u4e2a\u7f8e\u5f0f\u8db3\u7403\u6bd4\u8d5b\uff0c\u4ee5\u786e\u5b9a2015\u5e74\u56fd\u5bb6\u6a44\u6984\u7403\u8054\u76df\uff08NFL\uff09\u7684\u51a0\u519b\u3002", "\u7f8e\u56fd\u6a44\u6984\u7403\u8054\u76df\uff08AFC\uff09\u51a0\u519b\u4e39\u4f5b\u91ce\u9a6c\u961f\u51fb\u8d25\u4e86\u5168\u56fd\u8db3\u7403\u8d5b\uff08NFC\uff09\u51a0\u519b\u5361\u7f57\u83b1\u7eb3\u9ed1\u8c7924", "-", "10\uff0c\u4ee5\u83b7\u5f97\u7b2c\u4e09\u540d\u8d85\u7ea7\u7897\u51a0\u519b\u3002"]]]], "lower_word_counter": {"10\uff0c\u4ee5\u83b7\u5f97\u7b2c\u4e09\u540d\u8d85\u7ea7\u7897\u51a0\u519b\u3002": 1, "\u8d85\u7ea7\u789750\u662f\u4e00\u4e2a\u7f8e\u5f0f\u8db3\u7403\u6bd4\u8d5b\uff0c\u4ee5\u786e\u5b9a2015\u5e74\u56fd\u5bb6\u6a44\u6984\u7403\u8054\u76df\uff08nfl\uff09\u7684\u51a0\u519b\u3002": 1, "\u54ea\u4e2anfl\u56e2\u961f\u4ee3\u8868afc\u5728\u8d85\u7ea7\u789750\uff1f": 1, "\u7f8e\u56fd\u6a44\u6984\u7403\u8054\u76df\uff08afc\uff09\u51a0\u519b\u4e39\u4f5b\u91ce\u9a6c\u961f\u51fb\u8d25\u4e86\u5168\u56fd\u8db3\u7403\u8d5b\uff08nfc\uff09\u51a0\u519b\u5361\u7f57\u83b1\u7eb3\u9ed1\u8c7924": 1, "-": 1}, "word2vec": {"-": [-1.2557, 0.61036, 0.56793, -0.96596, -0.45249, -0.071696, 0.57122, -0.31292, -0.43814, 0.90622, 0.06961, -0.053104, 0.25029, 0.27841, 0.77724, 0.26329, 0.56874, -1.1171, -0.078268, -0.51317, 0.8071, 0.99214, 0.22753, 1.0847, 0.88292, 0.17221, -0.68686, -0.86467, -0.80003, -0.34738, -0.044074, -0.30444, 0.23406, 0.28592, 0.060548, -0.65477, -0.039738, 0.74878, -0.46471, 0.063023, -0.16519, -1.2217, -0.089479, -0.8125, 0.27615, -0.13841, -0.76667, -0.96974, 0.83123, -0.77639, -1.3327, -0.28732, -0.053684, 1.1735, -1.1795, -2.7519, 0.45359, 1.1984, 2.8203, 0.060114, 0.32296, 0.19097, 0.3459, -0.41503, 0.1515, 0.38148, 1.619, 0.9929, -0.82549, -0.098692, 0.74449, -0.38602, -1.0004, -1.305, -0.31269, -0.57625, 0.14095, -0.80269, -1.4714, -0.48014, 1.1993, -0.48561, 0.40496, -0.032867, -2.051, 0.18284, -0.2723, 0.043287, 0.066801, -0.62832, -0.05854, 0.28253, -0.083276, -0.022234, -0.55914, 0.24586, 0.36052, -1.5877, 0.76984, -0.64998]}}